round_id,trainning_samples,global_model_acc,clients
1,60000,0.6800000071525574,{}
2,60000,0.9635000228881836,{}
3,60000,0.9753000140190125,{}
4,60000,0.979200005531311,{}
5,60000,0.9825000166893005,{}
